Workbook

Sheet tblTransactions
A1: CustomerID | B1: Date | C1: Amount
A2: CUST037 | B2: 2025-10-17 | C2: 9892
A3: CUST045 | B3: 2025-07-27 | C3: 2033
A4: CUST016 | B4: 2025-06-25 | C4: 8362
A5: CUST027 | B5: 2025-08-22 | C5: 2887
A6: CUST011 | B6: 2025-06-16 | C6: 8377
A7: CUST003 | B7: 2025-06-07 | C7: 642
A8: CUST021 | B8: 2025-04-13 | C8: 6208
A9: CUST013 | B9: 2025-05-27 | C9: 3535
A10: CUST011 | B10: 2025-11-21 | C10: 3665
A11: CUST052 | B11: 2025-06-29 | C11: 7717
A12: CUST012 | B12: 2025-06-25 | C12: 7681
A13: CUST042 | B13: 2025-09-09 | C13: 4331
... A301: CUST046 | B301: 2026-01-24 | C301: 9742

Sheet RFM_Scores
A1: Customer ID | B1: Recency | C1: Frequency | D1: Monetary | E1: R_Score | F1: F_Score | G1: M_Score | H1: RFM_Score
A2: CUST001 | B2: =TODAY()-_xlfn.MAXIFS(tblTransactions!B:B,tblTransactions!A:A,A2) -> 46125 | C2: =COUNTIFS(tblTransactions!A:A,A2) -> 6 | D2: =SUMIFS(tblTransactions!C:C,tblTransactions!A:A,A2) -> 22837 | E2: =ROUNDUP(_xlfn.RANK.EQ(B2,B:B,1)/COUNT(B:B)*5,0) -> 1 | F2: =ROUNDUP(_xlfn.RANK.EQ(C2,C:C,0)/COUNT(C:C)*5,0) -> 2 | G2: =ROUNDUP(_xlfn.RANK.EQ(D2,D:D,0)/COUNT(D:D)*5,0) -> 3 | H2: =E2&F2&G2 -> 123
A3: CUST002 | B3: =TODAY()-_xlfn.MAXIFS(tblTransactions!B:B,tblTransactions!A:A,A3) -> 46125 | C3: =COUNTIFS(tblTransactions!A:A,A3) -> 3 | D3: =SUMIFS(tblTransactions!C:C,tblTransactions!A:A,A3) -> 7670 | E3: =ROUNDUP(_xlfn.RANK.EQ(B3,B:B,1)/COUNT(B:B)*5,0) -> 1 | F3: =ROUNDUP(_xlfn.RANK.EQ(C3,C:C,0)/COUNT(C:C)*5,0) -> 4 | G3: =ROUNDUP(_xlfn.RANK.EQ(D3,D:D,0)/COUNT(D:D)*5,0) -> 5 | H3: =E3&F3&G3 -> 145
A4: CUST003 | B4: =TODAY()-_xlfn.MAXIFS(tblTransactions!B:B,tblTransactions!A:A,A4) -> 46125 | C4: =COUNTIFS(tblTransactions!A:A,A4) -> 3 | D4: =SUMIFS(tblTransactions!C:C,tblTransactions!A:A,A4) -> 7983 | E4: =ROUNDUP(_xlfn.RANK.EQ(B4,B:B,1)/COUNT(B:B)*5,0) -> 1 | F4: =ROUNDUP(_xlfn.RANK.EQ(C4,C:C,0)/COUNT(C:C)*5,0) -> 4 | G4: =ROUNDUP(_xlfn.RANK.EQ(D4,D:D,0)/COUNT(D:D)*5,0) -> 5 | H4: =E4&F4&G4 -> 145
A5: CUST004 | B5: =TODAY()-_xlfn.MAXIFS(tblTransactions!B:B,tblTransactions!A:A,A5) -> 46125 | C5: =COUNTIFS(tblTransactions!A:A,A5) -> 5 | D5: =SUMIFS(tblTransactions!C:C,tblTransactions!A:A,A5) -> 35512 | E5: =ROUNDUP(_xlfn.RANK.EQ(B5,B:B,1)/COUNT(B:B)*5,0) -> 1 | F5: =ROUNDUP(_xlfn.RANK.EQ(C5,C:C,0)/COUNT(C:C)*5,0) -> 2 | G5: =ROUNDUP(_xlfn.RANK.EQ(D5,D:D,0)/COUNT(D:D)*5,0) -> 2 | H5: =E5&F5&G5 -> 122
A6: CUST005 | B6: =TODAY()-_xlfn.MAXIFS(tblTransactions!B:B,tblTransactions!A:A,A6) -> 46125 | C6: =COUNTIFS(tblTransactions!A:A,A6) -> 2 | D6: =SUMIFS(tblTransactions!C:C,tblTransactions!A:A,A6) -> 14548 | E6: =ROUNDUP(_xlfn.RANK.EQ(B6,B:B,1)/COUNT(B:B)*5,0) -> 1 | F6: =ROUNDUP(_xlfn.RANK.EQ(C6,C:C,0)/COUNT(C:C)*5,0) -> 5 | G6: =ROUNDUP(_xlfn.RANK.EQ(D6,D:D,0)/COUNT(D:D)*5,0) -> 4 | H6: =E6&F6&G6 -> 154
A7: CUST006 | B7: =TODAY()-_xlfn.MAXIFS(tblTransactions!B:B,tblTransactions!A:A,A7) -> 46125 | C7: =COUNTIFS(tblTransactions!A:A,A7) -> 1 | D7: =SUMIFS(tblTransactions!C:C,tblTransactions!A:A,A7) -> 4908 | E7: =ROUNDUP(_xlfn.RANK.EQ(B7,B:B,1)/COUNT(B:B)*5,0) -> 1 | F7: =ROUNDUP(_xlfn.RANK.EQ(C7,C:C,0)/COUNT(C:C)*5,0) -> 5 | G7: =ROUNDUP(_xlfn.RANK.EQ(D7,D:D,0)/COUNT(D:D)*5,0) -> 5 | H7: =E7&F7&G7 -> 155
A8: CUST007 | B8: =TODAY()-_xlfn.MAXIFS(tblTransactions!B:B,tblTransactions!A:A,A8) -> 46125 | C8: =COUNTIFS(tblTransactions!A:A,A8) -> 5 | D8: =SUMIFS(tblTransactions!C:C,tblTransactions!A:A,A8) -> 24698 | E8: =ROUNDUP(_xlfn.RANK.EQ(B8,B:B,1)/COUNT(B:B)*5,0) -> 1 | F8: =ROUNDUP(_xlfn.RANK.EQ(C8,C:C,0)/COUNT(C:C)*5,0) -> 2 | G8: =ROUNDUP(_xlfn.RANK.EQ(D8,D:D,0)/COUNT(D:D)*5,0) -> 3 | H8: =E8&F8&G8 -> 123
A9: CUST008 | B9: =TODAY()-_xlfn.MAXIFS(tblTransactions!B:B,tblTransactions!A:A,A9) -> 46125 | C9: =COUNTIFS(tblTransactions!A:A,A9) -> 3 | D9: =SUMIFS(tblTransactions!C:C,tblTransactions!A:A,A9) -> 16659 | E9: =ROUNDUP(_xlfn.RANK.EQ(B9,B:B,1)/COUNT(B:B)*5,0) -> 1 | F9: =ROUNDUP(_xlfn.RANK.EQ(C9,C:C,0)/COUNT(C:C)*5,0) -> 4 | G9: =ROUNDUP(_xlfn.RANK.EQ(D9,D:D,0)/COUNT(D:D)*5,0) -> 4 | H9: =E9&F9&G9 -> 144
A10: CUST009 | B10: =TODAY()-_xlfn.MAXIFS(tblTransactions!B:B,tblTransactions!A:A,A10) -> 46125 | C10: =COUNTIFS(tblTransactions!A:A,A10) -> 10 | D10: =SUMIFS(tblTransactions!C:C,tblTransactions!A:A,A10) -> 49900 | E10: =ROUNDUP(_xlfn.RANK.EQ(B10,B:B,1)/COUNT(B:B)*5,0) -> 1 | F10: =ROUNDUP(_xlfn.RANK.EQ(C10,C:C,0)/COUNT(C:C)*5,0) -> 1 | G10: =ROUNDUP(_xlfn.RANK.EQ(D10,D:D,0)/COUNT(D:D)*5,0) -> 1 | H10: =E10&F10&G10 -> 111
A11: CUST010 | B11: =TODAY()-_xlfn.MAXIFS(tblTransactions!B:B,tblTransactions!A:A,A11) -> 46125 | C11: =COUNTIFS(tblTransactions!A:A,A11) -> 8 | D11: =SUMIFS(tblTransactions!C:C,tblTransactions!A:A,A11) -> 37557 | E11: =ROUNDUP(_xlfn.RANK.EQ(B11,B:B,1)/COUNT(B:B)*5,0) -> 1 | F11: =ROUNDUP(_xlfn.RANK.EQ(C11,C:C,0)/COUNT(C:C)*5,0) -> 1 | G11: =ROUNDUP(_xlfn.RANK.EQ(D11,D:D,0)/COUNT(D:D)*5,0) -> 1 | H11: =E11&F11&G11 -> 111
A12: CUST011 | B12: =TODAY()-_xlfn.MAXIFS(tblTransactions!B:B,tblTransactions!A:A,A12) -> 46125 | C12: =COUNTIFS(tblTransactions!A:A,A12) -> 4 | D12: =SUMIFS(tblTransactions!C:C,tblTransactions!A:A,A12) -> 20280 | E12: =ROUNDUP(_xlfn.RANK.EQ(B12,B:B,1)/COUNT(B:B)*5,0) -> 1 | F12: =ROUNDUP(_xlfn.RANK.EQ(C12,C:C,0)/COUNT(C:C)*5,0) -> 3 | G12: =ROUNDUP(_xlfn.RANK.EQ(D12,D:D,0)/COUNT(D:D)*5,0) -> 3 | H12: =E12&F12&G12 -> 133
A13: CUST012 | B13: =TODAY()-_xlfn.MAXIFS(tblTransactions!B:B,tblTransactions!A:A,A13) -> 46125 | C13: =COUNTIFS(tblTransactions!A:A,A13) -> 6 | D13: =SUMIFS(tblTransactions!C:C,tblTransactions!A:A,A13) -> 28702 | E13: =ROUNDUP(_xlfn.RANK.EQ(B13,B:B,1)/COUNT(B:B)*5,0) -> 1 | F13: =ROUNDUP(_xlfn.RANK.EQ(C13,C:C,0)/COUNT(C:C)*5,0) -> 2 | G13: =ROUNDUP(_xlfn.RANK.EQ(D13,D:D,0)/COUNT(D:D)*5,0) -> 3 | H13: =E13&F13&G13 -> 123
... A61: CUST060 | B61: =TODAY()-_xlfn.MAXIFS(tblTransactions!B:B,tblTransactions!A:A,A61) -> 46125 | C61: =COUNTIFS(tblTransactions!A:A,A61) -> 7 | D61: =SUMIFS(tblTransactions!C:C,tblTransactions!A:A,A61) -> 24595 | E61: =ROUNDUP(_xlfn.RANK.EQ(B61,B:B,1)/COUNT(B:B)*5,0) -> 1 | F61: =ROUNDUP(_xlfn.RANK.EQ(C61,C:C,0)/COUNT(C:C)*5,0) -> 2 | G61: =ROUNDUP(_xlfn.RANK.EQ(D61,D:D,0)/COUNT(D:D)*5,0) -> 3 | H61: =E61&F61&G61 -> 123
